ID,ISBN,Автор,Артикул,Бумага,В продаже с,Вес,Возраст,Год издания,Год производства,Издательство,Иллюстрации,Код товара,Место издания,Место производства,Название,Наличие,Обложка,Обрез,Описание,Перевод,Производитель,Размеры в мм (ДхШхВ),Рейтинг,Стикеры,Страниц,Тип обложки,Тираж,Тиснение,Формат,Футляр,Цена,Язык оригинала,Язык текста
1000435,978-5-17-115705-0 ,Достоевский Ф. М.,ASE000000000843846 ,,30.07.2019 ,240 гр. ,,2019 ,,АСТ ,,1000435 ,Москва ,,Чужая жена и муж под кроватью,true,https://www.moscowbooks.ru/image/book/664/w259/i664507.jpg,,"Очень необычный сборник. Очень непривычный Достоевский. Достоевский не только (и не столько) трагический, но — ироничный, веселый, трогательный и даже сентиментальный. Достоевский ""малой формы"" — мастер злободневных сюжетов, комических ситуаций и остроумных диалогов. Достоевский в начале своего литературного пути — до ""Великого пятикнижия"". ""Село Степанчиково и его обитатели"", ""Хозяйка"", ""Чужая жена и муж под кроватью"" — без этих произведений невозможно понять Достоевского. Ведь именно в них наметились те философско-нравственные и социально-психологические мотивы творчества, из которых позже вырастут ""Братья Карамазовы"", ""Идиот"", ""Бесы"" и другие романы. ",,,180x115x27 ,0,,384 ,Мягкая обложка ,5000 экз. ,,76х100 1/32 ,,144 руб.,,русский 
1004205,978-5-9905833-4-4 ,Достоевский Ф. М.,,,27.08.2019 ,227 гр. ,16 + ,2015 ,,Искателькнига ,,1004205 ,Москва ,,Игрок,false,https://www.moscowbooks.ru/image/book/668/w259/i668202.jpg,,"В романе ""Игрок"" писатель изображает прекрасного человека, который не вписывается в общество, где царят бездушие и лицемерие. ",,,215x145 ,0,,126 ,Твердый переплет ,3000 экз. ,,60х90 1/16 ,,220 руб.,,русский 
1012089,978-5-699-93016-6 ,Достоевский Ф. М.,ITD000000000832998 ,,11.10.2019 ,425 гр. ,,2019 ,,Эксмо ,,1012089 ,Москва ,,Преступление и наказание,true,https://www.moscowbooks.ru/image/book/675/w259/i675194.jpg,,"""Преступление и наказание"" — высочайший образец криминального романа. В рамках жанра полицейского расследования писатель поставил вопросы, и по сей день не решенные. Кем должен быть человек: ""тварью дрожащей"", как говорит Раскольников, или ""Наполеоном""? И это проблема уже XXI века. Написанный в 1866 году роман ""Преступление и наказание"" до сих пор остается самой читаемой в мире книгой и входит в большинство школьных программ по литературе. ",,,200x130x28 ,5,,592 ,Твердый переплет ,7000 экз. ,,84х108 1/32 ,,136 руб.,,русский 
276600,4607031752135 ,Достоевский Ф. М.,50819 ,,22.04.2005 ,100 гр. ,,,2005 ,,,276600 ,,Москва ,Преступление и наказание. 2 CD: mp3,true,https://www.moscowbooks.ru/image/book/141/w259/i141427.jpg,,"Круг основных идей романа ""Преступление и наказание"" писатель вынашивал долгое время, возможно, еще с каторги. Социальные мотивы получили в нем углубленное философское звучание, неотделимое от нравственной драмы Раскольникова, ""убийцы-теоретика"", современного Наполеона. Крах индивидуалистической идеи Раскольникова, его попытки стать ""властелином судьбы"", подняться над ""тварью дрожащею"" и одновременно осчастливить человечество, спасти обездоленных — философский ответ Достоевского на революционные настроения 1860-х гг. Читает В. Герасимов. Время звучания 25 час. 44 мин. ",,Ардис ,,0,,,,,,,,240 руб.,,русский 
406485,978-5-7406-0915-7 ,Достоевский Ф. М.,978-5-7406-0863-9 ,,02.04.2008 ,4860 гр. ,,2008 ,,Янтарный сказ ,,406485 ,Калининград ,,Собрание сочинений: В 4 томах,true,https://www.moscowbooks.ru/image/book/245/w259/i245127.jpg,,"Это уникальное подарочное издание, общим объемом 4372стр., включает в себя, помимо художественных произведений, дневники, письма, автобиографические записки, черновики, варианты, образцы коллективного творчества. Издание снабжено комментариями и алфавитным указателем. Оно интересно тем, что впервые материал собран в 4 томах. Отпечатано на основе Полного собрания сочинений Ф.Достоевского в 30 томах (Ленинград: Наука, 1972 г.) Полиграфия выполнена с учетом новейших технологий в области книгоиздания, использована бронзовая фольга для оформления верхнего обреза книги и тиснение, «веревочный корешок», ляссе. Обложка выполнена из кожи ""кабра"" на мягкой основе, благодаря чему достигается особая эстетическая привлекательность издания. ",,,215x145 ,0,,4372 ,Твердый переплет (дутый) с золотым обрезом ,500 экз. ,,60х90 1/16 ,,5912 руб.,,русский 
423362,978-5-699-30026-6 ,Достоевский Ф. М.,430000000000003174 ,,15.08.2008 ,610 гр. ,,2009 ,,Эксмо ,,423362 ,Москва ,,Идиот,true,https://www.moscowbooks.ru/image/book/257/w259/i257608.jpg,,"Роман, в котором творческие принципы Достоевского воплощаются в полной мере, а удивительное владение сюжетом достигает подлинного расцвета. Яркая и почти болезненно талантливая история несчастного князя Мышкина, неистового Парфена Рогожина и отчаявшейся Настасьи Филипповны, много раз экранизированная и поставленная на сцене, и сейчас завораживает читателя... ",,,200x130 ,0,,800 ,Твердый переплет+суперобложка ,4000 экз. ,,84х108 1/32 ,,420 руб.,,русский 
438062,"978-5-7827-0112-3,978-5-7827-0114-7 ",Достоевский Ф. М.,,,24.11.2008 ,1990 гр. ,,2008 ,,,,438062 ,Москва ,,Преступление и наказание. В 2 томах,false,https://www.moscowbooks.ru/image/book/268/w259/i268485.jpg,,"Огромная сила образов, созданных великим писателем, блестяще передана в многочисленных иллюстрациях художника Олега Евсеева, публикуемых впервые. Великолепный переплет с оригинальным тиснением 6-ю цветами фольги и подложка с видами Петербурга Достоевского достойно завершают оформление издания. ",,,207x140 ,0,,1094 ,Твердый переплет с золотым обрезом ,1500 экз. ,,140х207 мм ,,8593 руб.,,русский 
462213,4607031755907 ,Достоевский Ф. М.,67502 ,,25.05.2009 ,60 гр. ,,,2009 ,,,462213 ,,Москва ,Идиот. Бедные люди. 1 CD: mp3,true,https://www.moscowbooks.ru/image/book/285/w259/i285257.jpg,,"""Известность к Иннокентию Смоктуновскому пришла после того, как он сыграл князя Мышкина в спектакле по роману Ф. М. Достоевского ""Идиот"" в постановке Ленинградского Большого драматического театра. Роль Мышкина стала переломной в судьбе актера. Он сознавался, что его жизнь делится на две половины: до ""Идиота"" и после него, что не было еще такой же роли, которая позволила бы ему более полно выразить свой талант. Произведения Достоевского в исполнении Иннокентия Смоктуновского выстраданы, прочувствованы, продуманы. Актеру удается быть одновременно лириком и психологом, глубоко проникнуть во внутренний мир, передать неуловимые нюансы состояния души героев Достоевского. Читает: Иннокентий Смоктуновский. Время звучания: 6 ч. 22 мин. ",,Ардис ,,0,,,,,,,,192 руб.,,русский 
528178,978-5-389-01212-7 ,Достоевский Ф. М.,00000016946 ,,01.10.2010 ,165 гр. ,,2014 ,,Азбука; Азбука-Аттикус ,,528178 ,СПб ,,Белые ночи,true,https://www.moscowbooks.ru/image/book/330/w259/i330613.jpg,,"В истории мирового романа Ф. М. Достоевскому принадлежит одно из первых мест. Его творчество обогатило опыт художественного самопознания человечества. Он автор знаменитых романов «Преступление и наказание», «Униженные и оскорбленные», «Идиот», «Братья Карамазовы», «Игрок»... В настоящем издании представлены ранние повести Достоевского: «Белые ночи» (1848) и «Неточка Незванова» (1849—1860). Если в первом произведении (романе влюбленных) поднимается столь своевременная и сегодня проблема отчужденности личности, то во втором ставится вопрос: изначально ли жестока человеческая натура. Можно смело сказать, что «Белые ночи» и «Неточка Незванова» — самые поэтичные произведения Достоевского. Книгу завершают эссе И. Анненского о Достоевском. ",,,180x115 ,0,,320 ,Мягкая обложка ,3000 экз. ,,76х100 1/32 ,,128 руб.,,русский 
534806,978-5-389-01367-4 ,Достоевский Ф. М.,00000017170 ,,15.11.2010 ,180 гр. ,,2011 ,,Азбука; Азбука-Аттикус ,,534806 ,СПб ,,Чужая жена и муж под кроватью,true,https://www.moscowbooks.ru/image/book/335/w259/i335093.jpg,,"В книге объединены произведения Достоевского, написанные им в начале литературного пути: ""Роман в девяти письмах"", ""Чужая жена и муж под кроватью"", ""Дядюшкин сон"", ""Скверный анекдот"", ""Крокодил"". В них довольно сложно угадать будущего автора ""великого пятикнижия"", перед нами — ""веселый"" Достоевский, обнаруживающий талант сатирика и юмориста, который позднее лишь отдельными искорками высветится в его знаменитых романах. ",,,180x115 ,0,,368 ,Мягкая обложка ,5000 экз. ,,76х100 1/32 ,,128 руб.,,русский 
537526,978-5-93898-307-6 ,Достоевский Ф. М.,,Мелованная ,30.11.2010 ,1050 гр. ,,2010 ,,,Непомнящий Б. Л. ,537526 ,СПб ,,Записки из мертвого дома,false,https://www.moscowbooks.ru/image/book/336/w259/i336786.jpg,Золотой ,"""Записки из Мертвого дома"" (1860—1862) — одно из наиболее значительных и своеобразных произведений русской литературы 1860-х годов и одновременно одна из вершин творческого наследия Ф.М. Достоевского. В нем отражены впечатления пережитого и увиденного автором в Сибири, в омском остроге, где он провел четыре года, осужденный по делу петрашевцев. Этот уникальный литературный документ, жанровую природу которого часто характеризуют как ""художественные мемуары"", содержит рассказы о судьбах реальных заключенных, которых писатель встречал на каторге. В то же время это художественное произведение, важнейшая философская проблематика которого задана в развернутых метафорах Мертвого дома и воскресения. Книга сопровождается статьей и примечаниями Б.Н. Тихомирова, написанными специально для этого издания. Также впервые публикуется цикл иллюстраций, созданный замечательным графиком, членом-корреспондентом Российской академии художеств Б.Л. Непомнящим. ",,,240x170 ,0,,504 ,Кожаный переплет ,1200 экз. ,Углубленное тиснение (красочное плоскоуглубленное изображение) ,70х100 1/16 ,Вставной ,18900 руб.,,русский 
539813,978-5-389-01465-7 ,Достоевский Ф. М.,00000017376 ,,13.12.2010 ,115 гр. ,,2013 ,,Азбука; Азбука-Аттикус ,,539813 ,СПб ,,Игрок,true,https://www.moscowbooks.ru/image/book/338/w259/i338405.jpg,,"Роман «Игрок» занимает в творчестве Ф. М. Достоевского особое место — в нем исключительно сильны автобиографические мотивы: многолетнее увлечение писателя игрой в рулетку и сложные, мучительные взаимоотношения с А. П. Сусловой. Замысел «Игрока» возник еще в 1863 г. Осенью 1865 г., испытывая финансовые трудности, Достоевский всего за 26 дней надиктовал текст романа своей стенографистке А. Г. Сниткиной (ставшей впоследствии его женой). По ее воспоминаниям, когда в процессе работы над романом обсуждались судьбы героев, то «Федор Михайлович был вполне на стороне ""игрока"" и говорил, что многое из его чувств и впечатлений испытал сам на себе. Уверял, что можно обладать сильным характером, доказать это своею жизнью и тем не менее не иметь сил побороть в себе страсть к игре на рулетке». ",,,180x115 ,0,,224 ,Мягкая обложка ,3000 экз. ,,76х100 1/32 ,,112 руб.,,русский 
541743,978-5-389-01464-0 ,Достоевский Ф. М.,00000017410 ,,22.12.2010 ,340 гр. ,,2011 ,,Азбука; Азбука-Аттикус ,,541743 ,СПб ,,Бесы,true,https://www.moscowbooks.ru/image/book/339/w259/i339583.jpg,,"Уже были написаны «Записки из Мертвого дома», «Записки из подполья», «Преступление и наказание», «Идиот», а Достоевский все еще испытывал острое чувство неудовлетворенности и, по собственному признанию, только подбирался к главному своему произведению, перед которым вся «прежняя литературная карьера была только дрянь и введение». Однако в политической жизни России случилось нечто, заставившее Достоевского изменить свои литературные планы и приступить к созданию романа с вызывающим и символичным названием «Бесы». Спиралеобразное развитие истории вообще и российской истории в частности позволяет думать, что роман Достоевского «Бесы» будет интересен новым поколениям читателей не только как шедевр классической литературы. ",,,180x115 ,0,,704 ,Мягкая обложка ,7000 экз. ,,76х100 1/32 ,,168 руб.,,русский 
574915,978-5-389-02280-5 ,Достоевский Ф. М.,00000018093 ,,25.07.2011 ,130 гр. ,,2011 ,,Азбука; Азбука-Аттикус ,,574915 ,СПб ,,Записки из подполья,true,https://www.moscowbooks.ru/image/book/361/w259/i361870.jpg,,"""Записки из подполья"" — увертюра Достоевского к его пятикнижию; в повести нашли свое выражение великие прозрения художника-мыслителя; здесь впервые в русской литературе сформулированы основы философии экзистенциализма. ""Записки из подполья"" — повесть точно поставленных вопросов и точно найденных интонаций. Боль пронизывает слово героя, оно бьется в стремительных перепадах его настроений, в бесконечных волнениях, в тягостных переживаниях и в неразрешимых тупиках. ",,,180x115 ,0,,256 ,Мягкая обложка ,5000 экз. ,,76х100 1/32 ,,120 руб.,,русский 
584603,978-5-389-02806-7 ,Достоевский Ф. М.,А0000000581 ,,26.09.2011 ,230 гр. ,,2011 ,,Азбука; Азбука-Аттикус ,,584603 ,СПб ,,Дневник писателя,true,https://www.moscowbooks.ru/image/book/368/w259/i368008.jpg,,"Знал ли Достоевский, когда создавал свой ""Дневник писателя"", что это будет произведение, актуальное на все времена? ""Дневник писателя"" вобрал в себя разнообразный материал: политические статьи, судебные очерки, исторические размышления, судебные заметки, литературную критику, автобиографическую прозу. Эту книгу можно было бы назвать — ""Русский вопрос в конце XIX века"". Эта книга, отвечающая на многие ""проклятые"" вопросы, принесла Достоевскому общероссийскую славу и сделала его кумиром многих поколений. ",,,180x115 ,0,,464 ,Мягкая обложка ,5000 экз. ,,76х100 1/32 ,,144 руб.,,русский 
585315,978-5-389-02646-9 ,Достоевский Ф. М.,А0000000470 ,,29.09.2011 ,210 гр. ,,2013 ,,Азбука; Азбука-Аттикус ,,585315 ,СПб ,,Униженные и оскорбленные,true,https://www.moscowbooks.ru/image/book/368/w259/i368479.jpg,,"Роман «Униженные и оскорбленные» (1861) создавался Ф.М. Достоевским в эпоху необычайного подъема русской общественной жизни — в эпоху, когда публикация нового литературного произведения воспринималась как событие социально значимое. Так было воспринято и появление романа «Униженные и оскорбленные». После его выхода в свет Н. А. Добролюбов отвел Достоевскому самое почетное место в «гуманистическом» направлении русской литературы. Многое в этом романе читателям казалось необычным: перед ними была поставлена новая этико-социальная проблема — проблема эгоизма. Князь Валковский, разворачивающий на страницах романа свою циническую «философию жизни», стал первым в творчестве писателя героем-«идеологом», предшественником Человека из подполья, Раскольникова, Свидригайлова и других героев Достоевского 1860—1870-х гг. ",,,180x115 ,0,,432 ,Мягкая обложка ,3000 экз. ,,76х100 1/32 ,,120 руб.,,русский 
624863,978-5-86547-555-2 ,Достоевский Ф. М.,9785865475552 ,,17.05.2012 ,85 гр. ,,2012 ,,Златоуст ,,624863 ,СПб ,,Белые ночи. 4 уровень. 9-е издание,true,https://www.moscowbooks.ru/image/book/392/w259/i392601.jpg,," , , , ",,,215x145 ,0,,72 ,Мягкая обложка ,1000 экз. ,,60х90 1/16 ,,216 руб.,,русский 
649639,978-5-389-04730-3 ,Достоевский Ф. М.,А0000003474 ,,26.10.2012 ,445 гр. ,,2012 ,,Азбука; Азбука-Аттикус ,,649639 ,СПб ,,Идиот,true,https://www.moscowbooks.ru/image/book/407/w259/i407645.jpg,,"""Главная идея... — писал Ф. М. Достоевский о своем романе ""Идиот"", — изобразить положительно-прекрасного человека. Труднее этого нет ничего на свете…"" Не для того ли писатель явил миру ""князя-Христа"", чтобы мы не забывали: ""Страдание есть главнейший и, может быть, единственный закон бытия всего человечества"". Каждое новое поколение по-своему воспринимает классику и пытается дать собственные ответы на вечные вопросы бытия. Об этом свидетельствуют и известные экранизации романа, его сценические версии. В России запоминающиеся образы князя Мышкина создали Ю. Яковлев, И. Смоктуновский, Е. Миронов. ",,,200x130 ,0,,640 ,Твердый переплет ,15000 экз. ,,84х108 1/32 ,,144 руб.,,русский 
654218,978-5-389-04926-0 ,Достоевский Ф. М.,А0000003840 ,,22.11.2012 ,430 гр. ,,2013 ,,Азбука; Азбука-Аттикус ,,654218 ,СПб ,,Преступление и наказание,true,https://www.moscowbooks.ru/image/book/410/w259/i410286.jpg,,"Одно из ""краеугольных"" произведений русской и мировой литературы, включенный во все школьные и университетские программы, неоднократно экранизированный роман Достоевского ""Преступление и наказание"" ставит перед читателем важнейшие нравственно-мировоззренческие вопросы — о вере, совести, грехе и об искуплении через страдание. Опровержение преступной ""идеи-страсти"", ""безобразной мечты"", завладевшей умом Родиона Раскольникова в самом ""умышленном"" и ""фантастическом"" городе на свете, составляет основное содержание этой сложнейшей, соединившей в себе несколько различных жанров книги. Задуманный как ""психологический отчет одного преступления"", роман Достоевского предстал перед читателем грандиозным художественно-философским исследованием человеческой природы, христианской трагедией о смерти и воскресении души. ",,,200x130 ,0,,608 ,Твердый переплет ,15000 экз. ,,84х108 1/32 ,,144 руб.,,русский 
673755,978-5-389-05533-9 ,Достоевский Ф. М.,А0000004425 ,,26.03.2013 ,185 гр. ,,2013 ,,Азбука-Аттикус; Авалонъ ,,673755 ,СПб ,,Записки из Мертвого дома,true,https://www.moscowbooks.ru/image/book/422/w259/i422720.jpg,,"""Записки из Мёртвого дома"" — одна из вершин творческого наследия Ф. М. Достоевского — основаны на жизненной истории: это ужасные воспоминания Достоевского, приговорённого сначала к расстрелу за участие в революционном кружке, но вместо смертной казни сосланного в Омский острог, где он пробыл с 1850 до 1854 года, всё это время закованный в кандалы и в соседстве с каторжниками. Вспоминания это соседство, писатель говорит: ""Ничего нет ужаснее, как жить не в своей среде..."" С другой стороны, эти четыре года не в своей среде развили литературные способности Достоевского: в лучших романах, появившихся после ""Мёртвого дома"", чувствуется, что никто другой не умеет с такой силой передать трагичность тех или иных людских переживаний и отношений. Лев Толстой, ревниво следивший за творчеством современных ему литераторов, как-то признался, перечитав ""Мёртвый дом"": ""Я не знаю лучше книги изо всей новой литературы, включая Пушкина"". ",,,180x115 ,0,,384 ,Мягкая обложка ,3000 экз. ,,76х100 1/32 ,,128 руб.,,русский 
691987,978-5-699-57660-9 ,Достоевский Ф. М.,ITD000000000201818 ,,26.07.2013 ,375 гр. ,,2013 ,,Эксмо ,,691987 ,Москва ,,Бесы,true,https://www.moscowbooks.ru/image/book/434/w259/i434489.jpg,,"Роман ""Бесы"" Ф. М. Достоевского — одно из величайших достижений мировой культуры — точно и глубоко обозначивший разломы грядущих социальных катастроф. Первая мировая война, русская революция, глобальная катастрофа Второй мировой и наши дни, подтвердили его пророчества о том, что ждет общество, отменившее веками существовавшие нравственные основания на которых оно и стоит. В этом шатком состоянии люди теряют способность различать добро и зло. Попытки радикального переустройства общества, духовная и нравственная слепота, ведут к катастрофе и безумию. Каждый раз из тектонических сдвигов истории, словно джинн из лампы, бесы приходят в мир, обещая помощь в исполнение якобы великих свершений, в реальности ими же порождённых, человеческих прихотей. И, вместе с тем, надежда, выраженная в эпиграфе романа: "" вышли жители смотреть случившееся и, пришедшие к Иисусу, нашли человека, из которого вышли бесы, сидящего у ног Иисусовых, одетого и в здравом уме, и ужаснулись"". Каждый, прочитавший это произведение, получает прививку от бездумного следования за очередными губительными лозунгами. ",,,180x115 ,0,,768 ,Мягкая обложка ,4000 экз. ,,76х100 1/32 ,,200 руб.,,русский 
696494,978-5-389-05878-1 ,Достоевский Ф. М.,А0000004701 ,,27.08.2013 ,325 гр. ,,2013 ,,Азбука; Азбука-Аттикус ,,696494 ,СПб ,,Братья Карамазовы,true,https://www.moscowbooks.ru/image/book/436/w259/i436665.jpg,,"Имя Ф. М. Достоевского стало одним из символов культуры конца XIX — начала ХХ века. Он сумел сформулировать самые сущностные, самые глубинные вопросы человеческого бытия: чем движим человек, в чем его вера, каково направление его поисков? Он создал особый тип романа, которому трудно подобрать исчерпывающее определение — психологический, социально-философский, идеологический, полифонический, — настолько многомерны произведения писателя. ",,,,0,,1056 ,Твердый переплет (ткань) ,5000 экз. ,,70х84 1/32 ,,697 руб.,,русский 
703939,978-5-389-06010-4 ,Достоевский Ф. М.,А0000005015 ,,10.10.2013 ,485 гр. ,,2013 ,,Азбука; Азбука-Аттикус ,,703939 ,СПб ,,Бесы,true,https://www.moscowbooks.ru/image/book/441/w259/i441345.jpg,,"Уже были написаны «Записки из Мертвого дома», «Записки из подполья», «Преступление и наказание», «Идиот» и другие шедевры, а Достоевский все еще испытывал острое чувство неудовлетворенности и, по собственному признанию, только подбирался к главному своему произведению. В 1871—1872 годах выходит его шестой роман с вызывающим и символическим названием «Бесы». Увлекательная драма, захватывающий сюжет, бушующие страсти и чрезвычайные, дикие события «под стеклянным колпаком» провинциального города, — таково одно из величайших произведений не только русской, но и мировой литературы. ",,,200x130 ,0,,704 ,Твердый переплет ,10000 экз. ,,84х108 1/32 ,,144 руб.,,русский 
708413,978-5-389-06657-1 ,Достоевский Ф. М.,А0000006777 ,,07.11.2013 ,550 гр. ,,2014 ,,Азбука; Азбука-Аттикус ,,708413 ,СПб ,,Братья Карамазовы,true,https://www.moscowbooks.ru/image/book/444/w259/i444390.jpg,,"Последний, самый объемный и один из наиболее известных романов Ф. М. Достоевского обращает читателя к вневременным нравственно-философским вопросам о грехе, воздаянии, сострадании и милосердии. Книга, которую сам писатель определил как ""роман о богохульстве и опровержении его"", явилась попыткой ""решить вопрос о человеке"", ""разгадать тайну"" человека, что, по Достоевскому, означало ""решить вопрос о Боге"". Сквозь призму истории провинциальной семьи Карамазовых автор повествует об извечной борьбе Божественного и дьявольского в человеческой душе. Один из самых глубоких в мировой литературе опытов отражения христианского сознания, ""Братья Карамазовы"" стали в ХХ веке объектом парадоксальных философских и психоаналитических интерпретаций. ",,,200x130 ,0,,832 ,Твердый переплет ,15000 экз. ,,84х108 1/32 ,,144 руб.,,русский 
721423,978-5-389-06888-9 ,Достоевский Ф. М.,А0000007202 ,,22.01.2014 ,335 гр. ,,2014 ,,Азбука; Азбука-Аттикус ,,721423 ,СПб ,,Записки из Мертвого дома,true,https://www.moscowbooks.ru/image/book/452/w259/i452079.jpg,,"""Записки из Мертвого дома"" созданы Ф. М. Достоевским на основе его воспоминаний о заключении в Омском остроге в 1850—1854 гг. Приговор к смертной казни за участие в революционном кружке, замененный в последний момент на каторгу, пребывание в кандалах вместе с преступниками, близкое знакомство с муками и страданиями людей, совершили в душе писателя переворот, отразившийся на всем его творчестве. Произведение было высоко оценено современниками Ф. М. Достоевского и до сих пор читается с неослабевающим интересом. Глубокие размышления писателя, описания каторжного быта, трогательные истории о человеческих судьбах по-прежнему легко находят путь к сердцу читателей. ",,,200x130 ,0,,416 ,Твердый переплет ,15000 экз. ,,84х108 1/32 ,,144 руб.,,русский 
734262,978-5-7827-0154-3 ,Достоевский Ф. М.,,,09.04.2014 ,3000 гр. ,,2014 ,,,,734262 ,Москва ,,Братья Карамазовы. В 3 томах,false,https://www.moscowbooks.ru/image/book/458/w259/i458910.jpg,,"Самый сложный, самый многоуровневый и неоднозначный из романов Достоевского, который критики считали то ""интеллектуальным детективом"", то ""ранним постмодернизмом"", то — ""лучшим из произведений о загадочной русской душе"". ",,,200x145 ,0,,1343 ,Кожаный переплет ,1000 экз. ,,60х84 1/16 ,,13598 руб.,,русский 
738931,5-02-028-255-3 ,Достоевский Ф. М.,17607 ,,07.05.2014 ,810 гр. ,,1996 ,,Наука ,,738931 ,СПб ,,Собрание сочинений. В 30 томах. Том 15. Письма 1834-1881,true,https://www.moscowbooks.ru/image/book/461/w259/i461334.jpg,,"Наиболее значительные письма Достоевского, отобранные из полного состава его писем. Охватывают период с весны 1834 по январь 1881 г. ",,,200x130 ,0,,862 ,Твердый переплет ,18000 экз. ,,84х108 1/32 ,,232 руб.,,русский 
782918,,Достоевский Ф. М.,,Офсетная ,11.02.2015 ,8100 гр. ,,1956 ,,,,782918 ,"Москва, Ленинград ",,Собрание сочинений. В 10 томах,false,https://www.moscowbooks.ru/image/book/489/w259/i489022.jpg,Рисованный ,"С о д е р ж а н и е: Том 1. Бедные люди. Двойник. Роман в девяти письмах. Хозяйка. Ползунков. Господин Прохарчин. Слабое сердце. Честный вор. Елка и свадьба. Чужая жена и муж под кроватью. Том 2. Белые ночи. Неточка Незванова. Маленький герой. Дядюшкин сон. Село Степанчиково и его обитатели.Том 3. Униженные и оскорбленные. Записки из мертвого дома. Том 4. Скверный анекдот. Зимние заметки о летних впечатлениях. Записки из подполья. Крокодил, необыкновенное событие или пассаж в Пассаже. Игрок. Верный муж. Том 5. Преступление и наказание. Том 6. Идиот. Том 7. Бесы. Том 8. Подросток. Том 9. Братья Карамазовы. Том 10. Братья Карамазовы. Бобок. Мальчик у Христа на елке. Мужик Марей. Столетняя. Кроткая. Сон смешного человека. Пушкин. Ограниченный тираж. ",,,200x130 ,0,,,Кожаный переплет ,,Углубленное тиснение (красочное плоскоуглубленное изображение) ,84х108 1/32 ,,119064 руб.,,русский 
784919,978-5-389-09710-0 ,Достоевский Ф. М.,А0000009576 ,,24.02.2015 ,190 гр. ,,2015 ,,Азбука; Азбука-Аттикус ,,784919 ,СПб ,,Бедные люди,true,https://www.moscowbooks.ru/image/book/490/w259/i490180.jpg,,"«Бедные люди» (1845) — дебютный роман Ф. М. Достоевского, сделавший писателя известным в литературных кругах еще до публикации. В числе самых первых читателей был Д. В. Григорович, который прочел рукопись Н. А. Некрасову: «На последней странице, когда старик Девушкин прощается с Варенькой, я не мог больше владеть собой и начал всхлипывать; я украдкой взглянул на Некрасова: по лицу у него также текли слезы». Закончив чтение, под утро они явились к Достоевскому, чтобы сообщить о сильном впечатлении, произведенном романом. Некрасов передал рукопись Белинскому со словами: «Новый Гоголь явился!» Много лет спустя Достоевский вспоминал слова Белинского: «Вам правда открыта и возвещена как художнику, досталась как дар, цените же ваш дар и оставайтесь верным и будете великим писателем!..» В январе 1846 года роман «Бедные люди» увидел свет в альманахе Некрасова «Петербургский сборник»: так читатели впервые познакомились с творчеством Достоевского. ",,,180x115 ,0,,384 ,Мягкая обложка ,5000 экз. ,,75х100 1/32 ,,128 руб.,,русский 
785577,978-5-17-087885-7 ,Достоевский Ф. М.,ASE000000000702015 ,,26.02.2015 ,300 гр. ,,2015 ,,АСТ ,,785577 ,Москва ,,Идиот,true,https://www.moscowbooks.ru/image/book/490/w259/i490321.jpg,,"Величайший роман Достоевского. ""Идиота"" экранизировали 13 раз лучшие постановщики от Индии до Германии — Жорж Лампен и Анджей Жулавский, Акира Куросава и Анджей Вайда, отечественные Пырьев и Бортко. Завораживающая история трагических страстей, связавших купца Парфена Рогожина, бывшую содержанку богатого дворянина Настасью Филипповну и ""идеального человека"" князя Мышкина — беспомощного идиота в мире корысти и зла, гласящая о том, что сострадание, возможно, единственный закон человеческого бытия. Она по-прежнему актуальна и воспринимается ярко и непосредственно, будто была написана вчера. ",,,180x115 ,0,,640 ,Мягкая обложка ,5000 экз. ,,76х100 1/32 ,,168 руб.,,русский 
794704,978-5-17-090630-7 ,Достоевский Ф. М.,ASE000000000703427 ,,16.04.2015 ,335 гр. ,,2015 ,,Эксмо ,,794704 ,Москва ,,Преступление и наказание,true,https://www.moscowbooks.ru/image/book/495/w259/i495426.jpg,,"""Преступление и наказание"" (1866) — одно из самых значительных произведений в истории мировой литературы. Это и глубокий философский роман, и тонкая психологическая драма, и захватывающий детектив, и величественная картина мрачного города, в недрах которого герои грешат и ищут прощения, жертвуют собой и отрекаются от себя ради ближних и находят успокоение в смирении, покаянии, вере. Главный герой романа Родион Раскольников решается на убийство, чтобы доказать себе и миру, что он не ""тварь дрожащая"", а ""право имеет"". Главным предметом исследования писателя становится процесс превращения добропорядочного, умного и доброго юноши в убийцу, а также то, как совершивший преступление Раскольников может искупить свою вину. ""Преступление и наказание"" неоднократно экранизировали, музыку к балету написал Чайковский, а недавно на одной из московских площадок по роману была поставлена рок-опера. ",,,180x115 ,0,,672 ,Мягкая обложка ,5000 экз. ,,76х100 1/32 ,,160 руб.,,русский 
798904,978-5-98015-051-8 ,Достоевский Ф. М.,70417 ,,21.05.2015 ,70 гр. ,,2014 ,,БуКос ,,798904 ,Москва ,,Маленький герой,true,https://www.moscowbooks.ru/image/book/498/w259/i498640.jpg,,"Переплет ручной работы, рисованный обрез, подарочная коробка ",,,76x53 ,0,,171 ,Твердый переплет с окрашенным обрезом + футляр ,3000 экз. ,,53х76 мм ,,1190 руб.,,русский 
802260,978-5-17-090413-6 ,Достоевский Ф. М.,ASE000000000710017 ,,11.06.2015 ,410 гр. ,,2015 ,,АСТ ,,802260 ,Москва ,,Бесы,true,https://www.moscowbooks.ru/image/book/500/w259/i500422.jpg,,"""Бесы"" (1871-1872 гг.) — наверное, самый пророческий роман Достоевского. Изначально задуманный как острополитическая вещь, основанная на впечатлениях писателя от ""нечаевского процесса"": группу революционеров судили за убийство студента, решившего выйти из их кружка, — роман далеко перерос просто произведение на ""злобу дня"". На глазах у читателей разворачивается настоящая драма: в центре повествования — группа нигилистов во главе с Петром Верховенским, планирующая поднять смуту по всей России. У главного же героя романа Николая Ставрогина — своя тайна, свой страшный грех и своя большая беда — он совершенно опустошен, и жизнь уже не представляет для него никакого интереса. События в романе проносятся вихрем перед читателем, запутываются в какой-то чудовищный клубок и в результате разрешаются трагедией. Настоящее в романе Достоевского тесно связано с прошлым: он видит истоки нигилистических настроений у детей в их отцах-идеалистах, совершенно не знающих России. Но уникальность ""Бесов"" еще и в том, что на примере этих персонажей Достоевский живописует всю Россию, одержимую бесами, — вчера, сегодня, завтра безумие преследует нас. ",,,180x115 ,0,,768 ,Мягкая обложка ,5000 экз. ,,76х100 1/32 ,,168 руб.,,русский 
804626,978-5-389-10002-2 ,Достоевский Ф. М.,А0000009960 ,,26.06.2015 ,130 гр. ,,2015 ,,Азбука; Азбука-Аттикус ,,804626 ,СПб ,,Село Степанчиково и его обитатели,true,https://www.moscowbooks.ru/image/book/502/w259/i502426.jpg,,"Молодой человек, выпускник Петербургского университета, получает странное письмо от своего дяди, полковника в отставке, владельца села Степанчикова. И вот юноша приезжает в имение дяди и узнает, что все в доме, включая хозяев, вынуждены исполнять капризы приживальщика Фомы Фомича Опискина... Образ российского Тартюфа занимал Достоевского в те годы, когда он находился в сибирской ссылке. Получив в 1857 году полную амнистию и разрешение публиковаться, писатель взялся за этот сюжет. Он возлагал на повесть большие надежды, рассчитывая укрепить свое положение в литературе. Однако современниками она была встречена прохладно; намного позднее, когда о творчестве Достоевского можно было судить ретроспективно, его ранняя повесть стала чрезвычайно популярной, а имя главного героя — нарицательным. В образе Фомы Фомича Опискина угадываются герои последующего творчества Достоевского, болезненно переживающие свое униженное положение и вместе с тем переполненные амбициями. ",,,180x115 ,0,,256 ,Мягкая обложка ,5000 экз. ,,75х100 1/32 ,,120 руб.,,русский 
806393,,Достоевский Ф. М.,,Офсетная ,10.07.2015 ,375 гр. ,,2013 ,,,,806393 ,,,Братья Карамазовы,false,https://www.moscowbooks.ru/image/book/503/w259/i503228.jpg,Рисованный ,"Имя Ф. М. Достоевского стало одним из символов культуры конца XIX — начала ХХ века. Он сумел сформулировать самые сущностные, самые глубинные вопросы человеческого бытия: чем движим человек, в чем его вера, каково направление его поисков? Он создал особый тип романа, которому трудно подобрать исчерпывающее определение — психологический, социально-философский, идеологический, полифонический, — настолько многомерны произведения писателя. Ограниченный тираж. ",,,,0,,1056 ,Кожаный переплет ,,Углубленное тиснение (красочное плоскоуглубленное изображение) ,70х84 1/32 ,,5016 руб.,,русский 
806394,,Достоевский Ф. М.,,Офсетная ,10.07.2015 ,410 гр. ,,2013 ,,,,806394 ,,,Преступление и наказание. Идиот,false,https://www.moscowbooks.ru/image/book/503/w259/i503230.jpg,Рисованный ,Издание включает в себя два известнейших романа великого писателя. Ограниченный тираж. ,,,,0,,1376 ,Кожаный переплет ,,Углубленное тиснение (красочное плоскоуглубленное изображение) ,70х84 1/32 ,,5016 руб.,,русский 
806636,978-5-389-10130-2 ,Достоевский Ф. М.,А0000010149 ,,13.07.2015 ,135 гр. ,,2015 ,,Азбука; Азбука-Аттикус ,,806636 ,СПб ,,Вечный муж. Кроткая,true,https://www.moscowbooks.ru/image/book/503/w259/i503371.jpg,,"Повести «Вечный муж» (1870) и «Кроткая» (1876), — по авторскому определению рассказы, — своего рода психологические этюды, размышления писателя на тему любви и семейной жизни. Эти произведения находятся как бы в тени «великого пятикнижия» Достоевского, но вместе с тем здесь получают продолжение важнейшие проблемы его творчества. Любовные драмы в обеих повестях становятся лишь основой для развития действия, в то время как внимание автора сосредоточено на исследовании двух человеческих типов — тирана и жертвы. Если в повести «Вечный муж» конфликт разворачивается между обманутым мужем и любовником, то в «Кроткой» напряженным драматизмом проникнуты отношения мужа и жены. Однако вопрос о том, кто из героев тиран, а кто жертва, Достоевский оставляет открытым. Тайна человеческого сердца, которая всегда привлекала писателя и которую он пытался разгадать, неизменно связана с вопросами личной свободы и ответственности, добра и зла, смысла жизни. ",,,180x115 ,0,,256 ,Мягкая обложка ,5000 экз. ,,75х100 1/32 ,,120 руб.,,русский 
815089,978-5-389-10472-3 ,Достоевский Ф. М.,А0000010433 ,,23.09.2015 ,310 гр. ,,2015 ,,Азбука; Азбука-Аттикус ,,815089 ,СПб ,,Идиот,true,https://www.moscowbooks.ru/image/book/509/w259/i509096.jpg,,"Роман «Идиот» (1868) был задуман и написан Достоевским в Швейцарии, на родине великого просветителя Руссо, а посему уместно вспомнить и его современника Вольтера, автора «Простодушного», книги, которая стала одной из первых попыток показать «идеального человека» в этом несовершенном мире. «Главная идея... — писал Достоевский о своем романе, — изобразить положительно прекрасного человека. Труднее этого нет ничего на свете...» Не для того ли Достоевский явил миру «Князя Христа», чтобы мы не забывали: «Сострадание есть главнейший и, может быть, единственный закон бытия всего человечества». ",,,180x115 ,0,,640 ,Мягкая обложка ,5000 экз. ,,75х100 1/32 ,,152 руб.,,русский 
815326,978-5-17-092672-5 ,Достоевский Ф. М.,ASE000000000716852 ,,25.09.2015 ,470 гр. ,,2015 ,,АСТ ,,815326 ,Москва ,,Братья Карамазовы,true,https://www.moscowbooks.ru/image/book/509/w259/i509287.jpg,,"""Братья Карамазовы"" (1880 г.) — последний роман Достоевского, вершина его творчества, в каком-то смысле главный труд всей его жизни и одно из величайших произведений в истории мировой литературы. Загадка, связанная со смертью и кражей, полная накала и страстей любовная история, разворачивающаяся на глазах читателя семейная драма, сложные психологические перипетии, множество вплетенных в основную канву других остросюжетных линий — все это вместилось в роман ""Братья Карамазовы"", главной проблематикой которого является вопрос о Боге и бессмертии души. А в центре повествования, как всегда у Достоевского, — человек, терзаемый сомнениями, раздираемый страстями, жаждущий любви, власти, денег, мечущийся от добра ко злу и от зла к добру, ищущий свой путь, свою веру, своего Бога. Роман лег в основу десятков экранизаций — отечественных и зарубежных — и все время становится предметом режиссерских экспериментов. Но, наверное, правы те, кто считает, что ни одна, даже самая талантливая, постановка не в силах передать всей глубины этой прозы. ",,,,0,,992 ,Мягкая обложка ,5000 экз. ,,76х100 1/16 ,,208 руб.,,русский 
815539,978-5-389-10473-0 ,Достоевский Ф. М.,А0000010432 ,,28.09.2015 ,295 гр. ,,2015 ,,Азбука; Азбука-Аттикус ,,815539 ,СПб ,,Подросток,true,https://www.moscowbooks.ru/image/book/509/w259/i509460.jpg,,"В настоящем издании представлен роман «Подросток», наряду с романами «Преступление и наказание», «Идиот», «Бесы», «Братья Карамазовы» образующий так называемое великое пятикнижие Достоевского. Желание денег и власти, мечта о превосходстве над миллионами «обыкновенных», проблема отцов и детей, богоборчество — вот опасности для русского подростка. Преодолимы ли они и что победит в итоге: бунт против людей и Бога или же любовь к «живой жизни»?.. ",,,180x115 ,0,,608 ,Мягкая обложка ,3000 экз. ,,75х100 1/32 ,,144 руб.,,русский 
817538,978-5-93898-535-3 ,Достоевский Ф. М.,,,14.10.2015 ,2970 гр. ,,2015 ,,,,817538 ,СПб ,,Бесы. В 2 томах,false,https://www.moscowbooks.ru/image/book/510/w259/i510690.jpg,,"""Бесы"" (издан в 1871-1872 гг.) — один из наиболее сложных в идейно-философском отношении романов Ф. М. Достоевского, вызывавший горячие споры как сразу после своего появления, так и в дальнейшем. Напряженность нравственно-философской проблематики, глубокий психологизм сочетаются с захватывающим сюжетом, в основе которого лежит реальное событие — всколыхнувшее всю интеллектуальную Россию 1870-х годов ""дело Нечаева"": убийство членами террористической организации своего товарища, решившего отойти от революционной деятельности. Роман, первоначально воспринятый читателями как политический памфлет, благодаря историческому опыту XX века во многом получил новое истолкование. Настоящее издание снабжено подробным комментарием, публикуемым здесь впервые. Две статьи, помещенные в приложении, освещают реальные события, преломившиеся в сюжете ""Бесов"", идейно-философскую проблематику и художественные особенности романа. Цикл иллюстраций известного петербургского графика Михаила Гавричкова создан специально для этой книги. ",,,240x170 ,0,,1056 ,Кожаный переплет (Cabra) ,800 экз. ,,70х100 1/16 ,,8316 руб.,,русский 
822072,978-5-93898-535-3 ,Достоевский Ф. М.,,,11.11.2015 ,3385 гр. ,,2015 ,,,,822072 ,СПб ,,Бесы. В 2 томах,false,https://www.moscowbooks.ru/image/book/513/w259/i513667.jpg,,"""Бесы"" (издан в 1871-1872 гг.) — один из наиболее сложных в идейно-философском отношении романов Ф. М. Достоевского, вызывавший горячие споры как сразу после своего появления, так и в дальнейшем. Напряженность нравственно-философской проблематики, глубокий психологизм сочетаются с захватывающим сюжетом, в основе которого лежит реальное событие — всколыхнувшее всю интеллектуальную Россию 1870-х годов ""дело Нечаева"": убийство членами террористической организации своего товарища, решившего отойти от революционной деятельности. Роман, первоначально воспринятый читателями как политический памфлет, благодаря историческому опыту XX века во многом получил новое истолкование. Настоящее издание снабжено подробным комментарием, публикуемым здесь впервые. Две статьи, помещенные в приложении, освещают реальные события, преломившиеся в сюжете ""Бесов"", идейно-философскую проблематику и художественные особенности романа. Цикл иллюстраций известного петербургского графика Михаила Гавричкова создан специально для этой книги. ",,,240x170 ,0,,1056 ,Кожаный переплет с золотым обрезом+футляр ,100 экз. ,,70х100 1/16 ,,20160 руб.,,русский 
823305,978-5-17-093725-7 ,Достоевский Ф. М.,ASE000000000719503 ,,19.11.2015 ,270 гр. ,,2015 ,,АСТ ,,823305 ,Москва ,,Униженные и оскорбленные,true,https://www.moscowbooks.ru/image/book/514/w259/i514555.jpg,,"""Униженные и оскорбленные"" (1860-1861) — первый большой роман Достоевского, созданный после возвращения из сибирской ссылки. Написанное в эпоху необычайного подъема общественной жизни, произведение обратило внимание читателя на новую проблему — проблему эгоизма и оторванности русской интеллигенции от простого народа — ""униженных и оскорбленных"", чье достоинство писатель страстно защищал и отстаивал. Свойственная прозе Достоевского необычайная психологическая глубина и знание сокровенных тайн человеческой души соседствуют в этом романе с лиризмом и увлекательным, интригующим сюжетом, в котором главный персонаж — князь Валковский — развивает свою аморальную, эгоистическую ""философию жизни"". Именно Валковский стал первым в творчестве писателя героем-""идеологом"". ""Униженные и оскорбленные"" привлекали многих прославленных режиссеров — российских и зарубежных. Но ни вольные, ни даже самые дословные экранизации и постановки не смогли до конца передать силу литературного оригинала... ",,,180x115 ,0,,512 ,Мягкая обложка ,5000 экз. ,,76х100 1/32 ,,144 руб.,,русский 
834922,978-5-17-095180-2 ,Достоевский Ф. М.,ASE000000000720975 ,,09.02.2016 ,310 гр. ,,2016 ,,АСТ ,,834922 ,Москва ,,Подросток,true,https://www.moscowbooks.ru/image/book/521/w259/i521786.jpg,,"""Подросток"" (1875 г.) Достоевского — роман-исповедь, роман воспитания, в нем подробно рассказывается о становлении характера и жизненной позиции молодого человека 19 лет, уже не совсем подростка, но и не взрослого. Он незаконнорожденный сын помещика Версилова и жены дворового человека. Происхождение накладывает отпечаток на всю его жизнь, он постоянно ощущает двусмысленность своего положения. Мучимый различными переживаниями: противоречивыми чувствами к отцу, желанием разбогатеть и ощутить себя могущественным, стремлением отгородиться от людей и, напротив, жаждой вернуться в самую гущу жизни, жаждой взаимной любви, — Аркадий оказывается в чудовищном переплете событий романа. Так он взрослеет и постигает жизнь. ""Подросток"", безусловно, роман очень современный, роман, где проблемы юношеского самоопределения поданы с таким блестящим знанием психологии человека, что любой, даже взрослый человек невольно увидит в портрете героя и свое отражение. ",,,180x115 ,0,,640 ,Мягкая обложка ,5000 экз. ,,76х100 1/32 ,,160 руб.,,русский 
839677,978-5-17-057752-1 ,Достоевский Ф. М.,AST000000000007709 ,,17.03.2016 ,555 гр. ,,2016 ,,АСТ ,,839677 ,Москва ,,Братья Карамазовы,true,https://www.moscowbooks.ru/image/book/525/w259/i525132.jpg,,"Самый сложный, самый многоуровневый и неоднозначный из романов Достоевского, который критики считали то «интеллектуальным детективом», то «ранним постмодернизмом», то — «лучшим из произведений о загадочной русской душе». Роман, переживший СОТНИ театральных постановок — и с полдюжины экранизаций, от самых точных — до самых отвлеченных, — но не утративший своей духовной силы… ",,,200x130 ,0,,781 ,Твердый переплет ,2000 экз. ,,84х108 1/32 ,,280 руб.,,русский 
849349,978-5-17-097018-6 ,Достоевский Ф. М.,ASE000000000723026 ,,31.05.2016 ,215 гр. ,,2016 ,,АСТ ,,849349 ,Москва ,,Записки из подполья,true,https://www.moscowbooks.ru/image/book/533/w259/i533674.jpg,,"В сборник вошли три произведения: повести ""Записки из подполья"" (1864), ""Вечный муж"" (1870) и рассказ ""Бобок"" (1873). ""Записки из подполья"", наверное, самое пророческое из всех произведений Достоевского. В нем писатель во многом предвосхитил идеи ХХ века, в том числе прозу Камю и Сартра, впервые показал, что иррациаональное, не поддающееся пониманию начало может быть значительнее и могущественнее разумного. ""Вечный муж"" — удивительный психологический портрет обманутого мужа, терзаемого самыми противоречивыми чувствами: злостью на покойную жену, любовью к их общему ребенку и желанием выместить на нем свой гнев, ненавистью к обидчику, соблазнившему его супругу, и добрыми чувствами к человеку, когда-то бывшему ему другом. ""Бобок"" — злая сатира, высмеивающая в гротескной форме человеческие пороки, искоренить которые не может даже смерть. ",,,180x115 ,0,,352 ,Мягкая обложка ,5000 экз. ,,76х100 1/32 ,,136 руб.,,русский 
859290,978-5-17-099711-4 ,Достоевский Ф. М.,ASE000000000826111 ,,15.09.2016 ,295 гр. ,12 + ,2016 ,,АСТ ,,859290 ,Москва ,,Записки из Мертвого дома,true,https://www.moscowbooks.ru/image/book/542/w259/i542589.jpg,,"Повесть «Записки из Мертвого дома» основана на воспоминаниях писателя о годах, проведенных в Омском остроге. По мнению критиков, именно с этого произведения начинается подлинный Достоевский с его психологизмом и глубиной образов. В «Записках из Мертвого дома» перед читателем открывается мир, где насилие над человеческой личностью принимает привычный, повседневный характер. Это история, повествующая о судьбах отверженных, которых Достоевский встречал на каторжных работах. Виновные и невинные, убийцы и контрабандисты, лихие воры и интеллигентные фальшивомонетчики, дворяне и крестьяне… Каждый обитатель острожного «Мертвого дома», созданный пером Достоевского, навеки остается в памяти. ",,,180x115 ,0,,448 ,Мягкая обложка ,5000 экз. ,,76х100 1/32 ,,152 руб.,,русский 
865224,978-5-93898-159-1 ,Достоевский Ф. М.,,Мелованная ,01.11.2016 ,2625 гр. ,,2007 ,,,С иллюстрациями ,865224 ,СПб ,,Преступление и наказание. В 2 томах,false,https://www.moscowbooks.ru/image/book/547/w259/i547058.jpg,Золотой ,"Текст знаменитого романа Ф. М. Достоевского сопровождается графической сюитой известного петербургского графика А. А. Харшака, созданной специально для этого издания. Цикл карандашных иллюстраций исполнен художником в традициях петербургской академической школы, однако отличается своеобразной стилистикой, охарактеризованной в искусствоведческой статье Ю. Г. Боброва в настоящей книге как «реализм эпохи постмодернизма». Книга снабжена также новым подробным комментарием к тексту романа и статьей, написанными одним из наиболее авторитетных специалистов по творчеству Ф. М. Достоевского Б. Н. Тихомировым. Экземпляры 1-100 изготовлены с трёхсторонним золотым обрезом в переплете из черной кожи, снабжены подарочным футляром и пронумерованы, содержат два авторских офорта Андрея Харшака из цикла «Петербургские типы». Нумерованное издание. Экземпляр №56. ",,,240x170 ,0,,624 ,Кожаный переплет+футляр ,100 экз. ,Углубленное тиснение (красочное плоскоуглубленное изображение) ,70х100 1/16 ,Вставной ,28980 руб.,,русский 
883589,,Достоевский Ф. М.,,,12.04.2017 ,4880 гр. ,,2013 ,,,,883589 ,СПб ,,Братья Карамазовы. В 2 томах,false,https://www.moscowbooks.ru/image/book/562/w259/i562080.jpg,,"Цикл из ста иллюстраций выдающегося русского художника Александра Алексеева (1901-1982), большую часть жизни проведшего во Франции, впервые воспроизводится вместе с оригинальным текстом романа Ф. М. Достоевского ""Братья Карамазовы"" (1879-1880). Литографии Алексеева, являющиеся признанным шедевром мировой книжной графики, были опубликованы в 1929 году в библиофильском издании перевода романа в Париже тиражом сто экземпляров и с тех пор никогда не переиздавались. Книга снабжена подробными примечаниями и статьями ведущих исследователей творчества Достоевского. Одна из них посвящена идейной проблематике и истории создания последнего романа Достоевского. Другая — одной из самых волнующих и до сих пор неразрешенных загадок архива писателя — факту исчезновения рукописи ""Братьев Карамазовых"". ",,,240x170 ,0,,1312 ,Твердый переплет ,,,70х100 1/16 ,Вставной ,37800 руб.,,русский 
884205,978-5-17-103090-2 ,Достоевский Ф. М.,ASE000000000829671 ,,18.04.2017 ,160 гр. ,,2017 ,,АСТ ,,884205 ,Москва ,,Игрок,true,https://www.moscowbooks.ru/image/book/562/w259/i562463.jpg,,"Роману ""Игрок"" присущи сильные автобиографические мотивы, ведь азартным игроком был сам Достоевский. История создания этой книги очень интересна: проигравшийся до последнего гроша в Висбадене, отчаянно нуждающийся в деньгах писатель заключил с издательством контракт, согласно которому должен был написать роман... за 26 дней. Эти совершенно неправдоподобные сроки вынудили Достоевского, впервые в жизни, воспользоваться услугами секретаря-стенографистки, которой он надиктовывал текст. Так в жизнь гения вошла молодая Анна Сниткина — женщина, которой суждено было стать его женой и музой... ",,,180x115 ,0,,224 ,Мягкая обложка ,5000 экз. ,,76х100 1/32 ,,136 руб.,,русский 
887390,978-5-93898-608-4 ,Достоевский Ф. М.,,,18.05.2017 ,1280 гр. ,,2017 ,,,,887390 ,СПб ,,Белые ночи. Петербургская летопись,false,https://www.moscowbooks.ru/image/book/565/w259/i565338.jpg,,"""Белые ночи"" (1848) — одно из главных произведений в раннем творчестве Ф. М. Достоевского (1821 1881). При всей, казалось бы, сюжетной простоте, эта повесть по своему колориту и лирической приподнятости занимает особое место среди его созданий этого периода и связана с ними множеством параллелей. Вместе с ""Белыми ночами"" публикуется цикл фельетонов Достоевского ""Петербургская летопись"" (1847), печатавшихся в газете ""С.-Петербургские ведомости"". Именно в ""Петербургской летописи"" появился образ мечтателя, получивший яркое воплощение в ""Белых ночах"". Текст ""Белых ночей"" сопровождается иллюстрациями М. В. Добужинского. Ныне признанные своеобразной ""визитной карточкой"" Достоевского 1840-х годов, эти рисунки были впервые воспроизведены в издании повести, выпушенном в 1923 году петроградским издательством ""Аквилон"". В том же году с иллюстрациями Добужинского в издательстве ""Брокгауз-Ефрон"" вышла книга замечательного ученого-краеведа Н. П. Анциферова (1889-1958) ""Петербург Достоевского"", посвященная городской топографии в произведениях писателя. В настоящем издании помещены обе книги — Достоевского и Анциферова, объединенные циклами рисунков Добужинского, выполненными в одном стилистическом ключе. Книга снабжена обширными историческими и литературоведческими приложениями, созданными в основном для настоящего издания, в том числе подробными комментариями к текстам Достоевского и Анциферова. ",,,240x170 ,0,,448 ,Кожаный переплет (Cabra) ,1000 экз. ,,70х100 1/16 ,,4880 руб.,,русский 
888162,5-7000-0010-5 ,Достоевский Ф. М.,,Офсетная ,24.05.2017 ,1545 гр. ,,2001 ,,,Без иллюстраций ,888162 ,Москва ,,Сочинения,false,https://www.moscowbooks.ru/image/book/566/w259/i566325.jpg,Окрашенный ,"В однотомник замечательного русского писателя Федороа Михайловича Достоевского (1821—1881), сумевшего не только точно отразить человеяеские характеры, но и всю глубину внутреннего мира человека, мира сокровенных дум и чувств, вошли интереснейшие романы: ""Преступление и наказание"", ""Идиот"" и ""Бесы"". В конце даны ""Хроника жизни и творчества Ф. М. Достоевского"" и литература о нем. Ограниченный тираж. ",,,240x170 ,0,,1040 ,Кожаный переплет ,,Блинтовое (бескрасочное плоскоуглубленное изображение) ,70х100 1/16 ,,9100 руб.,,русский 
892702,978-5-389-12315-1 ,Достоевский Ф. М.,А0000012565 ,,10.07.2017 ,345 гр. ,,2017 ,,Азбука; Азбука-Аттикус ,,892702 ,Москва ,,Униженные и оскорбленные,true,https://www.moscowbooks.ru/image/book/571/w259/i571167.jpg,,"Роман ""Униженные и оскорбленные"" (1861) создавался Ф. М. Достоевским в эпоху необычайного подъема русской общественной жизни, — в эпоху, когда публикация нового литературного произведения воспринималась как событие социально значимое. Так было воспринято и появление романа ""Униженные и оскорбленные"". После его выхода в свет Н. А. Добролюбов отвел Достоевскому самое почетное место в ""гуманистическом"" направлении русской литературы. Многое в этом романе читателям казалось необычным: перед ними была поставлена новая этико-социальная проблема — проблема эгоизма. Князь Валковский, разворачивающий на страницах романа свою циническую ""философию жизни"", стал первым в творчестве писателя героем-""идеологом"", предшественником Человека из подполья, Раскольникова, Свидригайлова и других героев Достоевского 1860—1870-х гг. ",,,200x130 ,0,,448 ,Твердый переплет ,5000 экз. ,,84х108 1/32 ,,144 руб.,,русский 
898897,,Достоевский Ф. М.,1120 ,Дизайнерская ,14.09.2017 ,1675 гр. ,,2013 ,,,Без иллюстраций ,898897 ,Самара ,,Братья Карамазовы,false,https://www.moscowbooks.ru/image/book/576/w259/i576797.jpg,Торшонированный окрашенный ,"""Братья Карамазовы"" — последний и один из самых известных романов Ф.М. Достоевского (1821—1881). Произведение было задумано как первая часть эпического полотна ""История Великого грешника"" и закончено в ноябре 1880 года, за три месяца до смерти писателя. В книге затрагиваются проблемы религии, внутренней свободы и нравственных исканий, добра и зла, моральных ценностей и этических принципов. ",,,245x155 ,0,,780 ,Твердый переплет (Переплетный материал VIP-класса Madera) ,50 экз. ,Рельефное (бескрасочное или цветное многоуровневое изображение) ,155х245 мм ,,10422 руб.,,русский 
906249,978-5-389-13859-9 ,Достоевский Ф. М.,А0000014770 ,,15.11.2017 ,330 гр. ,,2018 ,,Азбука; Азбука-Аттикус ,,906249 ,СПб ,,Белые ночи,true,https://www.moscowbooks.ru/image/book/583/w259/i583456.jpg,,"В книгу включены произведения Ф. М. Достоевского, созданные в самом начале его творческого пути: дебютный роман ""Бедные люди"", который в одночасье сделал автора знаменитым, а также повести ""Белые ночи"" и ""Неточка Незванова"". Эти произведения написаны до ""катастрофы"" 1849 года, когда молодого писателя за участие в кружке Петрашевского сослали на каторжные работы Сибирь, где он провел около десяти лет. В ранних произведениях Достоевского еще с трудом угадывается автор ""Записок из подполья"", ""Преступления и наказания"" и ""Братьев Карамазовых"", однако уже в них был явлен талант мощного и оригинального писателя, заслужившего восторженные отзывы критиков и успех у читателей, произведения которого исполнены сострадания и глубокого сочувствия к растоптанным, смешным, но не утратившим человеческого достоинства людям. ",,,200x130 ,0,,416 ,Твердый переплет ,10000 экз. ,,84х108 1/32 ,,144 руб.,,русский 
916062,978-5-17-106575-1 ,Достоевский Ф. М.,ASE000000000834418 ,,31.01.2018 ,200 гр. ,,2018 ,,АСТ ,,916062 ,Москва ,,Белые ночи,true,https://www.moscowbooks.ru/image/book/591/w259/i591957.jpg,,"В этот сборник вошли две ранние повести Достоевского — ""Белые ночи"" и ""Неточка Незванова"", которые считаются самыми поэтичными произведениями великого романиста. ""Белые ночи"" — одно из лучших произведений школы ""сентиментального натурализма"", по мнению критика Аполлона Григорьева. Это лирическая исповедь героя-мечтателя, одинокого и робкого человека, в жизни которого на какое-то время появляется девушка, а вместе с ней и надежда на более светлое будущее. ""Неточка Незванова"" — повесть, изначально задуманная автором как роман, где в основе сюжета лежит история жизни маленькой девочки. Неточка — тоже персонаж-мечтатель, она грезит о жизни в большом красивом особняке, который видит из окна каморки на чердаке. Но, очутившись в нем, Неточка сталкивается с действительностью, которая оказалась вовсе не так прекрасна... ",,,180x115 ,0,,320 ,Мягкая обложка ,5000 экз. ,,76х100 1/32 ,,144 руб.,,русский 
922627,978-5-389-14380-7 ,Достоевский Ф. М.,А0000015458 ,,29.03.2018 ,1105 гр. ,,2018 ,,Азбука; Азбука-Аттикус ,,922627 ,СПб ,,Преступление и наказание. Идиот,true,https://www.moscowbooks.ru/image/book/597/w259/i597630.jpg,,"Романы «Преступление и наказание», «Идиот», наряду с «Бесами» «Подростком» и «Братьями Карамазовыми», входят в так называемое «пятикнижие» Ф. М. Достоевского: их роль в мировой литературе сравнивают по значимости с первыми пятью книгами Библии — Пятикнижием Моисея. Глубоко социальные и в тоже время трактующие о фундаментальных вопросах бытия, эти романы во многом изменили наши представления о возможностях литературы и природе человека. Первым из этих великих произведений Достоевского стал роман «Преступление и наказание» (1866). Он был задуман как «психологический отчет одного преступления», однако писатель далеко отступил от первоначальных планов, заставив читателя размышлять о грехе и искуплении, о границах дозволенного, о духовной смерти и воскресении. Основную идею романа «Идиот» (1868) Достоевский сформулировал так: «…Изобразить положительно прекрасного человека. Труднее этого нет ничего на свете, а особенно теперь». «Князь-Христос» выходит на проповедь, и в его слова Достоевский вкладывает свои заветные мысли о русской душе и вере. ",,,215x145 ,0,,1120 ,Твердый переплет ,4000 экз. ,,60х90 1/16 ,,558 руб.,,русский 
925078,978-5-93898-647-3 ,Достоевский Ф. М.,,,18.04.2018 ,1375 гр. ,,2018 ,,,,925078 ,СПб ,,Малая проза. Книга 1. Слабое сердце. Чужая жена и муж под кроватью,false,https://www.moscowbooks.ru/image/book/599/w259/i599714.jpg,,"Настоящее издание ""малой прозы"" Ф. М. Достоевского (1821-1881) включает произведения 1840-1850-х годов. Повесть ""Слабое сердце"" — странная и грустная история с почти мистическим финалом, одна из важных составляющих ""петербургского текста"" Достоевского. В Петербурге происходит и действие рассказа ""Чужая жена и муж под кроватью"", наполненного юмором и воспринимающегося как водевиль. Но и в этом комическом произведении писатель разрабатывает одну из своих стержневых тем, которую он впоследствии определит как ""сокровеннейшие тайны чиновничьей души"". Рассказ ""Маленький герой"" содержит автобиографические мотивы. Он повествует о пробуждении чувства любви в сердце одиннадцатилетнего подростка. ""Дядюшкин сон"" — первое произведение, написанное Достоевским после каторги, в нем ощущается гоголевская традиция. Сюжетную коллизию этой повести составляет колоритный эпизод из жизни маленького городка в российской глубинке. Тексты сопровождаются статьей и комментариями известного специалиста по творчеству Достоевского Б. Н. Тихомирова и иллюстрациями А. А. Джигирей, созданными специально для настоящего издания. Это первая книга из задуманного издательством ""Вита Нова"" трехчастного собрания повестей и рассказов Достоевского разных лет (составитель - Б. Н. Тихомиров). ",,,240x170 ,0,,472 ,Твердый переплет ,800 экз. ,,70х100 1/16 ,,4880 руб.,,русский 
926010,978-5-93898-647-3 ,Достоевский Ф. М.,,Мелованная ,26.04.2018 ,1375 гр. ,,2018 ,,,,926010 ,СПб ,,Малая проза. Книга 1. Слабое сердце. Чужая жена и муж под кроватью,false,https://www.moscowbooks.ru/image/book/600/w259/i600541.jpg,Золотой ,"Настоящее издание ""малой прозы"" Ф. М. Достоевского (1821-1881) включает произведения 1840-1850-х годов. Повесть ""Слабое сердце"" — странная и грустная история с почти мистическим финалом, одна из важных составляющих ""петербургского текста"" Достоевского. В Петербурге происходит и действие рассказа ""Чужая жена и муж под кроватью"", наполненного юмором и воспринимающегося как водевиль. Но и в этом комическом произведении писатель разрабатывает одну из своих стержневых тем, которую он впоследствии определит как ""сокровеннейшие тайны чиновничьей души"". Рассказ ""Маленький герой"" содержит автобиографические мотивы. Он повествует о пробуждении чувства любви в сердце одиннадцатилетнего подростка. ""Дядюшкин сон"" — первое произведение, написанное Достоевским после каторги, в нем ощущается гоголевская традиция. Сюжетную коллизию этой повести составляет колоритный эпизод из жизни маленького городка в российской глубинке. Тексты сопровождаются статьей и комментариями известного специалиста по творчеству Достоевского Б. Н. Тихомирова и иллюстрациями А. А. Джигирей, созданными специально для настоящего издания. Это первая книга из задуманного издательством ""Вита Нова"" трехчастного собрания повестей и рассказов Достоевского разных лет (составитель — Б. Н. Тихомиров). Нумерованный экземляр, содержит авторскую литографию. ",,,240x170 ,0,,472 ,Твердый переплет ,800 экз. ,,70х100 1/16 ,Вставной ,18900 руб.,,русский 
931093,978-5-86547-448-7 ,Достоевский Ф. М.,,,08.06.2018 ,215 гр. ,,2008 ,,Златоуст ,,931093 ,СПб ,,Идиот. Уровень 4,true,https://www.moscowbooks.ru/image/book/233/w259/i233602.jpg,,"Предлагаем вашему вниманию книгу из серии ""Библиотека златоуста"". Серия включает адаптированные тексты 5 уровней владения русским языком: произведения классиков русской литературы, современных писателей, публицистов, журналистов, а также киносценарии. Уровни ориентируются на лексические минимумы, разработанные для Российской государственной системы тестирования по русскому языку. ",,,215x145 ,0,,180 ,Мягкая обложка ,1000 экз. ,,60х90 1/16 ,,409 руб.,,русский 
931513,978-5-906044-41-9 ,Достоевский Ф. М.,,,14.06.2018 ,40 гр. ,,2017 ,,ТомСувенир ,,931513 ,Томск ,,Бобок,true,https://www.moscowbooks.ru/image/book/605/w259/i605231.jpg,,"""Бобок"" — фантастический рассказ Фёдора Достоевского, опубликованный в составе ""Дневника писателя"" в феврале 1873 года в газете ""Гражданин"". ",Garnett C. ,,,0,,176 ,Твердый переплет+суперобложка ,250 экз. ,,62х94 1/128 ,,336 руб.,русский ,русский/английский 
937954,,Достоевский Ф. М.,978-5-389-14380-7 ,Офсетная ,21.08.2018 ,1220 гр. ,,2018 ,,,,937954 ,СПб ,,Преступление и наказание. Идиот,false,https://www.moscowbooks.ru/image/book/610/w259/i610742.jpg,Рисованный ,"Романы «Преступление и наказание», «Идиот», наряду с «Бесами» «Подростком» и «Братьями Карамазовыми», входят в так называемое «пятикнижие» Ф. М. Достоевского: их роль в мировой литературе сравнивают по значимости с первыми пятью книгами Библии — Пятикнижием Моисея. Глубоко социальные и в тоже время трактующие о фундаментальных вопросах бытия, эти романы во многом изменили наши представления о возможностях литературы и природе человека. Первым из этих великих произведений Достоевского стал роман «Преступление и наказание» (1866). Он был задуман как «психологический отчет одного преступления», однако писатель далеко отступил от первоначальных планов, заставив читателя размышлять о грехе и искуплении, о границах дозволенного, о духовной смерти и воскресении. Основную идею романа «Идиот» (1868) Достоевский сформулировал так: «…Изобразить положительно прекрасного человека. Труднее этого нет ничего на свете, а особенно теперь». «Князь-Христос» выходит на проповедь, и в его слова Достоевский вкладывает свои заветные мысли о русской душе и вере. Ограниченный тираж. ",,,215x145x50 ,0,,1120 ,Кожаный переплет ,,Углубленное тиснение (красочное плоскоуглубленное изображение) ,60х90 1/16 ,,6318 руб.,,русский 
943320,978-5-93898-668-8 ,Достоевский Ф. М.,,,27.09.2018 ,2930 гр. ,,2018 ,,,,943320 ,СПб ,,Идиот. В 2 томах,false,https://www.moscowbooks.ru/image/book/615/w259/i615426.jpg,,"""Идиот"" — второй роман так называемого ""великого пятикнижия"" Ф. М. Достоевского (1821-1881), занимающий особое место в его творчестве. Роман, созданный за границей и впервые опубликованный в московском журнале ""Русский вестник"" в 1868 году, является одним из важнейших в наследии Достоевского и одним из любимых его произведений. В нем наиболее полно отразились его художественные принципы 1860-х годов и его философская позиция. Комментарии к роману написаны специалистом по творчеству Достоевского Б. Н. Тихомировым, ему же принадлежит статья ""Петербургские маршруты героев романа ""Идиот"""", в которой впервые рассмотрена художественная топография романа. Серия иллюстраций создана известным петербургским художником М. А. Гавричковым специально для настоящего издания. Экземпляр изготовлен в переплёте из чёрной кожи с трёхсторонним золотым обрезом, пронумерован, снабжен подарочным футляром и содержит два оригинальных офорта Михаила Гавричкова (печатник Александр Михайлов). ",,,245x176x70 ,0,,512 ,Твердый переплет+футляр+зол.обрез ,800 экз. ,,70х100 1/16 ,,26460 руб.,,русский 
952785,978-5-17-111395-7 ,Достоевский Ф. М.,ASE000000000839527 ,,19.10.2018 ,215 гр. ,,2018 ,,АСТ ,,952785 ,Москва ,,Бедные люди,true,https://www.moscowbooks.ru/image/book/624/w259/i624364.jpg,,"В этот сборник вошли два ранних произведения Достоевского — «Бедные люди» и «Двойник», которые ознаменовали рождение будущего великого романиста. «Бедные люди» — дебютный роман писателя. После его прочтения В. Г. Белинский писал, что Достоевский «имя совершенно неизвестное и новое, но которому, кажется, суждено играть значительную роль в нашей литературе». Трогательная история любви мелкого чиновника Макара Девушкина и Вареньки Доброселовой раскрывает вечную тему «маленького человека». Несмотря на внутреннюю красоту и благородство души они не способны переломить обстоятельства и обречены на страдание в этом жестоком мире. В повести «Двойник» дан глубокий психологический анализ расколотого сознания и блестяще разработана тема двойничества — человеческого «я» и его тени. Драма господина Голядкина, разворачивающаяся на фоне оживленных улиц Петербурга ХIХ века, во многом связана с художественным миром и поэтикой гоголевских петербургских повестей. ",,,180x115x17 ,0,,352 ,Мягкая обложка ,5000 экз. ,,76х100 1/32 ,,144 руб.,,русский 
956575,"978-5-17-110413-9,978-5-17-110415-3 ",Достоевский Ф. М.,ASE000000000838465 ,,05.11.2018 ,,12 + ,2018 ,,АСТ ,,956575 ,Москва ,,Идиот,false,https://www.moscowbooks.ru/image/book/627/w259/i627395.jpg,,"Ф.М. Достоевский (1821-1881) – русский писатель, чье творчество оказало существенное влияние не только на русскую, но и на мировую культуру. В. Г. Белинский считал, что ""его талант принадлежит к разряду тех, которые постигаются и признаются не вдруг. Много, в продолжение его поприща, явится талантов, которых будут противопоставлять ему, но кончится тем, что о них забудут именно в то время, когда он достигнет апогея своей славы"". Достоевский писал: ""Давно уже мучила меня одна мысль, но я боялся из неё сделать роман, потому что мысль слишком трудная и я к ней не приготовлен, хотя мысль вполне соблазнительная и я люблю её. Идея эта — изобразить вполне прекрасного человека. Труднее этого, по-моему, быть ничего не может, в наше время особенно"". Двадцатишестилетний князь Лев Николаевич Мышкин возвращается в Россию из санатория в Швейцарии, где провёл на лечении несколько лет. ",,,,0,,640 ,Твердый переплет ,3000 экз. ,,84х108 1/32 ,,250 руб.,,русский 
956576,"978-5-17-105906-4,978-5-17-105903-3 ",Достоевский Ф. М.,ASE000000000833735 ,,05.11.2018 ,,12 + ,2018 ,,АСТ ,,956576 ,Москва ,,Преступление и наказание,false,https://www.moscowbooks.ru/image/book/627/w259/i627396.jpg,,"""Преступление и наказание"" (1866) Фёдора Михайловича Достоевского (1821-1881) - это социально-психологический роман с ярко выраженным философским подтекстом. Критик и публицист Василий Розанов писал: """"Преступление и наказание"" - самое законченное в своей форме и глубокое по содержанию произведение Достоевского, в котором он выразил свой взгляд на природу человека, его назначение и законы, которым он подчинён как личность..."" Герой романа – Родион Раскольников – студент, который ""задавлен бедностью"". Он поддался популярным в то время идеям о том, что все люди делятся на ""тварей дрожащих"" и ""наполеонов"". Так он решается на убийство злой и жадной старухи-процентщицы, чтобы разом изменить свою судьбу и поправить положение своей семьи. Философия вступает в конфликт с совестью и душевным состоянием героя: он не в силах справиться с тяжким бременем преступления. ",,,,0,,638 ,Твердый переплет ,4000 экз. ,,84х108 1/32 ,,250 руб.,,русский 
964356,,Достоевский Ф. М.,,Офсетная ,27.11.2018 ,900 гр. ,,2018 ,,,,964356 ,СПб ,,Малое собрание сочинений,false,https://www.moscowbooks.ru/image/book/634/w259/i634232.jpg,Рисованный ,"О великом русском писателе Ф. М. Достоевском уже полтора века говорят не только литературоведы, но и философы, культурологи и социологи, в его богословских идеях находят что-то близкое для себя православные, католики и протестанты... Достоевский был ницшеанцем до Ницше, экзистенциалистом до Сартра, фрейдистом до Фрейда — спектр философских идей у него необычайно широк! Это тем более удивительно, что за всю жизнь Достоевский не создал ни одного философского или богословского трактата и материал для суждений берется именно из его романов и повестей. Мировую славу писателя определили пять романов: «Преступление и наказание», «Идиот», «Бесы», «Подросток», «Братья Карамазовы». Но не менее интересны и другие романы и повести — первооснова так называемого Великого Пятикнижия Достоевского, его идеологическая подготовка, источник ставших впоследствии устойчивыми мотивов и образов... Такие произведения и представлены в настоящем издании. Вниманию читателей предлагаются «Двойник», «Белые ночи», «Неточка Незванова», «Униженные и оскорбленные» и «Записки из подполья» — произведения, положившие начало мучительным раздумьям Достоевского над «тайной человека» и важнейшими для человечества вопросами. Вариации историй о бедном чиновнике, трагедия нищеты, вырастающая в трагедию оскорбленного достоинства; раздвоенность личности и черты угнетателя, проступающие в угнетенном; дисгармония ума и чувства; идея «хрустального дворца», грядущего рая и страдания тех, кто станет лишь «материалом» для него, — все это на фоне Петербурга, по-достоевски прозаического и одновременно призрачного… Ограниченный тираж. ",,,215x145x50 ,0,,800 ,Кожаный переплет ,,Углубленное тиснение (красочное плоскоуглубленное изображение) ,60х90 1/16 ,,6318 руб.,,русский 
980091,978-5-389-15519-0 ,Достоевский Ф. М.,А0000017071 ,,04.03.2019 ,850 гр. ,,2019 ,,Азбука; Азбука-Аттикус ,,980091 ,СПб ,,Братья Карамазовы,true,https://www.moscowbooks.ru/image/book/647/w259/i647201.jpg,,"«Братья Карамазовы» (1879–1880), последний, самый объемный и один из наиболее известных романов Ф. М. Достоевского, обращают читателя к вневременным нравственно-философским вопросам о грехе, воздаянии, сострадании и милосердии. Книга, которую сам писатель определил как «роман о богохульстве и опровержении его», явилась попыткой «решить вопрос о человеке», «разгадать тайну» человека, что, по Достоевскому, означало «решить вопрос о Боге». Сквозь призму почти детективной истории о жестоком убийстве главы провинциальной семьи Карамазовых автор повествует об извечной борьбе Божественного и дьявольского в человеческой душе. Один из самых глубоких в мировой литературе опытов отражения христианского сознания, «Братья Карамазовы» стали в XX веке объектом парадоксальных философских и психоаналитических интерпретаций. ",,,215x145x39 ,0,,832 ,Твердый переплет ,3000 экз. ,,60х90 1/16 ,,487 руб.,,русский 
981645,978-5-04-100921-2 ,Достоевский Ф. М.,ITD000000000953061 ,,15.03.2019 ,730 гр. ,,2019 ,,Эксмо ,,981645 ,Москва ,,Братья Карамазовы,true,https://www.moscowbooks.ru/image/book/648/w259/i648456.jpg,,"""Братья Карамазовы"" — итоговый роман Ф.М. Достоевского, в нем сконцентрировались вся художественная мощь писателя и глубина прозрений религиозного мыслителя. ""Братья Карамазовы"" — это итоговое произведение, в котором испепеляющая страсть, борьба за наследство, богоискательство выводят на глобальные вопросы о самой сущности человека, о его природе. Каждый характер, как бы сложен он ни был, у Достоевского предстает некой частью одной, почти безграничной картины — это картина многогранной человеческой души, и в этой душе, и за эту душу идет нескончаемая битва добра и зла. ",,,200x130x45 ,0,,896 ,Твердый переплет+суперобложка ,3000 экз. ,,84х108 1/32 ,,403 руб.,,русский 
982096,5-7406-0937-5 ,Достоевский Ф. М.,,,19.03.2019 ,75 гр. ,,2005 ,,Янтарный сказ ,,982096 ,Калининград ,,Дневник писателя,true,https://www.moscowbooks.ru/image/book/150/w259/i150372.jpg,,"В книге содержатся отрывки и афоризмы из ""Дневника писателя"", которые раскрывают мировоззрение Ф.М. Достоевского, его общественно-политические взгляды на Россию и Европу. Здесь же представлены мысли писателя о величии национального духа, родного языка и русской культуры. Книга выполнена в миниварианте. ",,,,0,,144 ,Твердый переплет ,5000 экз. ,,70х90 1/64 ,,88 руб.,,русский 
987119,978-5-9603-0470-2 ,Достоевский Ф. М.,ББ29279 ,,22.04.2019 ,990 гр. ,,2019 ,,СЗКЭО ,,987119 ,СПб ,,Преступление и наказание,true,https://www.moscowbooks.ru/image/book/652/w259/i652738.jpg,,"""Преступление и наказание"" — одно из самых известных, цельных и глубоких произведений Достоевского. Текст этой драмы был впервые опубликован в журнальном варианте в 1866 году, а год спустя вышел отдельной книгой. Любопытно, что роман сразу привлек к себе внимание не только всей читающей российской публики, но и зарубежных криминалистов, которые восхищались тончайшим анализом психологии преступника, описанной в этом произведении. Данное издание романа завершает небольшой очерк, посвященный творчеству Достоевского. Иллюстрации к роману, хорошо передающие и городскую атмосферу Петербурга последней трети XIX века, и сложный мир персонажей драмы, выполнены Ольгой Андреевной Русаковой. ",,,241x175x41 ,0,,432 ,Твердый переплет ,3000 экз. ,,,,630 руб.,,русский 
988509,,Достоевский Ф. М.,978-5-389-15519-0 ,Офсетная ,30.04.2019 ,960 гр. ,,2019 ,,,,988509 ,СПб ,,Братья Карамазовы,false,https://www.moscowbooks.ru/image/book/653/w259/i653792.jpg,Рисованный ,"«Братья Карамазовы» (1879–1880), последний, самый объемный и один из наиболее известных романов Ф. М. Достоевского, обращают читателя к вневременным нравственно-философским вопросам о грехе, воздаянии, сострадании и милосердии. Книга, которую сам писатель определил как «роман о богохульстве и опровержении его», явилась попыткой «решить вопрос о человеке», «разгадать тайну» человека, что, по Достоевскому, означало «решить вопрос о Боге». Сквозь призму почти детективной истории о жестоком убийстве главы провинциальной семьи Карамазовых автор повествует об извечной борьбе Божественного и дьявольского в человеческой душе. Один из самых глубоких в мировой литературе опытов отражения христианского сознания, «Братья Карамазовы» стали в XX веке объектом парадоксальных философских и психоаналитических интерпретаций. Ограниченный тираж. ",,,215x145x45 ,0,,832 ,Кожаный переплет ,,Углубленное тиснение (красочное плоскоуглубленное изображение) ,60х90 1/16 ,,6318 руб.,,русский 
989763,978-5-93898-696-1 ,Достоевский Ф. М.,,,15.05.2019 ,1510 гр. ,,2019 ,,,,989763 ,СПб ,,Малая проза. Книга 2. Скверный анекдот. Крокодил. Вечный муж. Бобок,false,https://www.moscowbooks.ru/image/book/654/w259/i654875.jpg,,"Настоящее издание ""малой прозы"" Ф. М. Достоевского (1821—1881) включает произведения 1860—1870-х годов. Вошедшие в него шесть рассказов и повесть демонстрируют широчайший творческий диапазон писателя: от утонченного психологизма рассказов ""Вечный муж"" и ""Кроткая"" до фантастического абсурда фельетона ""Тритон"". Открывающий книгу рассказ ""Скверный анекдот"" — подчеркнуто экспериментальный, обозначающий новые пути для прозы Достоевского. Фантастические рассказы ""Бобок"" и ""Сон смешного человека"" объединены масштабной религиозно-философской проблематикой, но различны по колориту — если в ""Бобке"" перед нами мрачный юмор, то в ""Сне смешного человека"" — патетическая серьезность. К фантастическим можно отнести и комическую сценку ""Крокодил"", однако аллюзии на политическую злобу дня отличают ее от прочих произведений. Тексты сопровождаются статьей и комментариями известного специалиста по творчеству Достоевского Б. Н. Тихомирова и иллюстрациями А. А. Джигирей, созданными специально для настоящего издания. Это вторая книга из задуманного издательством ""Вита Нова"" трехчастного собрания повестей и рассказов Достоевского разных лет (составитель — Б. Н. Тихомиров). ",,,240x170x40 ,0,,536 ,Твердый переплет ,800 экз. ,,70х100 1/16 ,,4880 руб.,,русский 
992455,978-5-4224-1537-3 ,Достоевский Ф. М.,СМ017429 ,,30.05.2019 ,6960 гр. ,,2019 ,,Книжный Клуб Книговек ,,992455 ,Москва ,,Собрание сочинений. В 10 томах,true,https://www.moscowbooks.ru/image/book/656/w259/i656673.jpg,,"Федор Михайлович Достоевский (1821—1881) — великий русский писатель, мастер художественного слова, глубокий психолог и знаток человеческой души. Его творчество сильно повлияло на мировую художественную литературу и шире — мировую культуру. В собрании сочинений представлены все основные произведения писателя, а также ""Дневник писателя"", в котором Федор Михайлович отразил свои мысли о современных ему событиях. По сравнению с десятитомником 2010 года, в настоящее издание добавлены пропущенные месяцы ""Дневника писателя"". ",,,200x130x345 ,0,,,Твердый переплет ,,,84х108 1/32 ,,6400 руб.,,русский 
994923,978-5-00108-509-6 ,Достоевский Ф. М.,IDM00006739 ,,21.06.2019 ,560 гр. ,10 + ,2019 ,,Издательский дом Мещерякова ,,994923 ,Москва ,,Село Степанчиково и его обитатели. Из записок неизвестного,true,https://www.moscowbooks.ru/image/book/658/w259/i658853.jpg,,"В своей повести ""Село Степанчиково и его обитатели"" Ф. М. Достоевский разыгрывает на русский манер пьесу Мольера ""Тартюф"". Несмотря на то, что произведение создано в XIX веке, оно не теряет своей актуальности и по сей день. ",,,200x145x22 ,0,,296 ,Твердый переплет ,1500 экз. ,,60х84 1/16 ,,778 руб.,,русский 
995794,978-5-9603-0470-2 ,Достоевский Ф. М.,,Офсетная ,27.06.2019 ,1100 гр. ,,2019 ,,,С иллюстрациями ,995794 ,СПб ,,Преступление и наказание,false,https://www.moscowbooks.ru/image/book/659/w259/i659553.jpg,Рисованный ,"""Преступление и наказание"" — одно из самых известных, цельных и глубоких произведений Достоевского. Текст этой драмы был впервые опубликован в журнальном варианте в 1866 году, а год спустя вышел отдельной книгой. Любопытно, что роман сразу привлек к себе внимание не только всей читающей российской публики, но и зарубежных криминалистов, которые восхищались тончайшим анализом психологии преступника, описанной в этом произведении. Данное издание романа завершает небольшой очерк, посвященный творчеству Достоевского. Иллюстрации к роману, хорошо передающие и городскую атмосферу Петербурга последней трети XIX века, и сложный мир персонажей драмы, выполнены Ольгой Андреевной Русаковой. ",,,241x175x45 ,0,,432 ,Кожаный переплет ,,Углубленное тиснение (красочное плоскоуглубленное изображение) ,,,12654 руб.,,русский 
997191,978-5-9922-0332-5 ,Достоевский Ф. М.,188881 ,,08.07.2019 ,2445 гр. ,,2019 ,,АЛЬФА-КНИГА ,,997191 ,Москва ,,Полное собрание романов в двух томах. В 2 книгах,true,https://www.moscowbooks.ru/image/book/661/w259/i661044.jpg,,"В первый том вошли романы ""Бедные люди"", ""Игрок"", ""Идиот"", ""Бесы"", ""Униженные и оскорбленные"", а в Приложение — рассказ ""Роман в девяти письмах"" и повесть ""Белые ночи. Сентиментальный роман"". Во второй том вошли романы ""Подросток"", "" Преступление и наказание "", ""Братья Карамазовы"". ",,,215x145x115 ,0,,2558 ,Твердый переплет ,3000 экз. ,,60х90 1/16 ,,1880 руб.,,русский 
